province,events_drought,events_earthquake,events_earthquake_tsunami,events_flood,events_flood_landslide,events_forest_fire,events_landslide,events_tidal_abrasion,events_tornado,events_tsunami,events_volcano,died,missing,injured,affected,evacuated,houses_damaged,facilities_damaged
Aceh,58.0,39.0,21.0,754.0,12.0,325.0,91.0,44.0,417.0,8.0,0.0,24468.84483051813,7042.257526297799,1401.7404406667006,305375.4300342131,322655.4734703465,52725.649594084854,2492.572804150092
Bali,27.0,34.0,0.0,106.0,0.0,29.0,164.0,25.0,175.0,0.0,36.0,26.86799752814423,3.011068688498922,59.29489109659416,13565.559303692682,31770.94383569386,2872.5595288279715,233.24201302449342
Banten,73.0,12.0,0.0,302.0,5.0,34.0,78.0,3.0,223.0,2.0,0.0,43.84873630798008,9.156153750133772,1977.8132114394464,123181.01245556115,22465.673243585105,4641.161934391202,54.09690839528577
Bengkulu,11.0,21.0,0.0,126.0,6.0,7.0,56.0,4.0,28.0,0.0,0.0,45.25854565890972,18.401826256919335,114.38973078625533,48823.52648619615,12437.147816399507,32254.920001790448,1220.9860394793775
DI Yogyakarta,50.0,12.0,0.0,76.0,0.0,1.0,143.0,15.0,286.0,2.0,14.0,1383.3166290468146,0.27257470523089944,5647.475317679005,137452.6094803118,436020.85632614547,58232.86002552935,1386.8601002148162
DKI Jakarta,0.0,1.0,0.0,305.0,1.0,0.0,17.0,7.0,33.0,0.0,0.0,17.326119608168383,0.09467824922496385,889.2181167208605,100032.30421863556,106440.41216092878,2625.427851008247,50.368828587680774
Gorontalo,11.0,2.0,0.0,195.0,0.0,3.0,12.0,1.0,16.0,0.0,0.0,38.40635804455308,7.681271608910616,10330.456839361566,860677.0955575792,108777.90115227608,12558.879080568857,248.36111535477662
Jambi,54.0,3.0,0.0,286.0,3.0,131.0,32.0,0.0,77.0,0.0,3.0,17.473510721407983,9.582247814965667,263.22998409346866,142953.32768920148,26162.63667385523,4742.085345135656,285.49461872235946
Jawa Barat,388.0,86.0,0.0,1513.0,25.0,111.0,2284.0,20.0,1849.0,3.0,5.0,36.85201205564169,4.6815934370854535,1416.9691852962667,212766.86273704763,40735.497386780116,7936.709496894012,374.0303146018361
Jawa Tengah,440.0,36.0,0.0,2167.0,7.0,247.0,3810.0,47.0,3007.0,4.0,31.0,69.80495007193416,4.956726544927455,765.0337721496871,127545.00865167864,44099.3935951699,6663.620516301948,155.9862674027999
Jawa Timur,299.0,52.0,0.0,1634.0,8.0,400.0,763.0,58.0,1513.0,1.0,19.0,19.672600709944813,2.7049825976174118,808.3471631716324,98262.99296586489,9568.826757569821,3380.1216632318306,165.5203442232982
Kalimantan Barat,12.0,0.0,0.0,329.0,8.0,104.0,40.0,4.0,106.0,0.0,0.0,21.79377547609241,2.0316231376018354,1554.5610862904223,132850.79205598414,146514.93520045656,2047.8761227026498,179.5216081589985
Kalimantan Selatan,48.0,0.0,0.0,427.0,2.0,287.0,46.0,10.0,274.0,0.0,0.0,36.57712716860632,3.92774519931343,338.76802344078334,2648347.008432869,111858.50101532214,8975.634232656059,597.0172702956414
Kalimantan Tengah,9.0,0.0,0.0,295.0,0.0,133.0,16.0,10.0,24.0,0.0,0.0,9.737940777589552,3.745361837534443,322.850190395469,347423.5094115325,39941.66224401857,1777.1741919100934,390.6412396548424
Kalimantan Timur,14.0,1.0,0.0,306.0,0.0,306.0,142.0,7.0,70.0,0.0,0.0,24.163318542373034,1.5931858379586616,746.9386270296192,200728.93562706068,52168.339202010386,1605.1347317433515,273.76243315589664
Kalimantan Utara,0.0,1.0,0.0,40.0,3.0,92.0,21.0,3.0,17.0,0.0,0.0,29.922458087185493,0.0,330.57191791557307,48548.4758069802,5226.456012561733,1843.7933697532396,189.50890121884146
Kepulauan Riau,0.0,0.0,0.0,36.0,2.0,86.0,8.0,5.0,85.0,0.0,0.0,6.296728994596438,0.4843637688151106,12.593457989192876,6929.792440437787,1510.246231165515,1021.0388246622531,54.24874210729239
Lampung,69.0,8.0,1.0,310.0,0.0,39.0,62.0,10.0,163.0,5.0,3.0,27.420533739024016,3.5524578123431927,550.964003833102,35321.42194228854,2989.615277700068,2648.5793277151215,34.5254493637104
Maluku,5.0,32.0,0.0,81.0,5.0,9.0,45.0,15.0,40.0,0.0,0.0,96.27226228458406,3.785987842652182,1155.8080028211018,19785.5724657003,152230.78516520158,9951.739472114306,377.51707345303186
Maluku Utara,1.0,29.0,0.0,87.0,2.0,2.0,9.0,7.0,22.0,1.0,12.0,25.72222954049965,7.7946150122726205,1205.0474808973472,25807.190844133424,88106.43079122357,7334.732726548536,353.09606005594975
Nusa Tenggara Barat,88.0,38.0,0.0,325.0,3.0,10.0,36.0,19.0,150.0,0.0,3.0,125.56173840602757,0.9398333713026016,859.5716013933593,855833.8840756889,99951.6549713802,55577.23437865361,526.4946546037173
Nusa Tenggara Timur,64.0,16.0,0.0,264.0,3.0,7.0,93.0,50.0,338.0,0.0,10.0,110.22302605957752,32.48481006525879,671.8534705982424,756181.9720194999,28292.391832154553,22117.27354425802,519.1936406383847
Papua,2.0,22.0,0.0,104.0,5.0,0.0,33.0,8.0,12.0,1.0,0.0,111.29939840235407,25.094645151261457,767.9426131936956,54182.824248955614,25483.379793280536,5933.721789145961,296.25622748017
Papua Barat,0.0,11.0,0.0,33.0,4.0,0.0,6.0,1.0,4.0,0.0,0.0,167.53845448421083,110.2226674238229,3561.5148297985656,24785.109887590515,35204.238193829646,8443.056324664834,534.3594916706935
Riau,10.0,0.0,0.0,219.0,0.0,160.0,28.0,7.0,96.0,0.0,0.0,11.573192544924709,0.1563944938503339,1725.500450650734,185569.2611001383,22991.867329925288,5217.320314847139,267.74737347177165
Sulawesi Barat,14.0,12.0,1.0,78.0,4.0,1.0,14.0,6.0,40.0,0.0,0.0,122.60177885316605,11.273726791095728,8180.498002788838,34280.58474002434,108710.43362276278,21207.9939178244,412.9002437238811
Sulawesi Selatan,169.0,5.0,0.0,514.0,7.0,36.0,149.0,18.0,509.0,0.0,0.0,67.44909824853869,4.077804959470476,6708.209580218634,117169.55369747251,14923.443620323736,6453.2916647793045,332.0655768347174
Sulawesi Tengah,8.0,15.0,4.0,374.0,5.0,6.0,31.0,9.0,46.0,0.0,0.0,1289.1302440203983,237.12762087982387,4569.395666191295,137527.6565159522,93120.8205419505,38440.46388593224,985.0174195022062
Sulawesi Tenggara,23.0,8.0,0.0,256.0,1.0,6.0,54.0,17.0,154.0,0.0,0.0,41.906757464641174,5.714557836087432,173.72255821705795,91142.24486880327,41639.31615791228,11472.165341206724,194.67593694937855
Sulawesi Utara,9.0,14.0,0.0,155.0,8.0,1.0,74.0,21.0,58.0,0.0,27.0,89.24747217977036,22.121168318062736,8168.050701717784,78928.70995830161,81350.5964896757,13624.732686657846,411.9114100604785
Sumatera Barat,28.0,61.0,0.0,475.0,14.0,38.0,272.0,28.0,340.0,2.0,2.0,373.8387329450759,18.429942368486103,654.9856969192364,40559.96669601002,54216.01193392974,66921.65033990594,2792.136268825644
Sumatera Selatan,28.0,4.0,0.0,529.0,9.0,141.0,163.0,2.0,301.0,0.0,2.0,12.636653001760155,0.23619912152822722,158.8439092277328,89673.232687313,1844.9513382569828,3599.910811211711,71.45023426228873
Sumatera Utara,21.0,15.0,1.0,621.0,3.0,98.0,184.0,9.0,366.0,0.0,32.0,47.83990335798958,15.13578863303625,1159.3743810965893,85241.51819798166,30902.145031802385,3253.7891331929804,126.01895446702056
