n_runs,cluster,median_tau,p05_tau
1,0,0.1462134511222546,-0.2680266666109308
1,1,0.15686254353352053,-0.26366402215232193
2,0,0.27419259609521474,-0.16592579023695328
2,1,0.2706942391339744,-0.10511900400283612
3,0,0.31900519384090387,-0.03461417837122177
3,1,0.34640522875817,-0.013770565818881076
4,0,0.34640522875817,-0.020261437908496722
4,1,0.35947712418300654,0.006535947712418302
5,0,0.34640522875817,0.04444444444444448
5,1,0.37908496732026153,0.0839976603957187
6,0,0.3725490196078432,0.07189542483660132
6,1,0.4183006535947713,0.08496732026143793
7,0,0.37908496732026153,0.1104575163398693
7,1,0.4379084967320262,0.09803921568627452
8,0,0.39869281045751637,0.11111111111111112
8,1,0.4248366013071896,0.16209150326797392
9,0,0.4379084967320262,0.11111111111111112
9,1,0.4379084967320262,0.1366013071895425
10,0,0.46405228758169936,0.16339869281045755
10,1,0.47712418300653603,0.11111111111111112
11,0,0.46405228758169936,0.1758169934640523
11,1,0.47712418300653603,0.12352941176470592
12,0,0.47712418300653603,0.21503267973856213
12,1,0.46405228758169936,0.18954248366013074
13,0,0.46405228758169936,0.21568627450980396
13,1,0.4967320261437909,0.21503267973856213
14,0,0.46405228758169936,0.18954248366013074
14,1,0.46405228758169936,0.15032679738562094
15,0,0.46405228758169936,0.18954248366013074
15,1,0.4901960784313726,0.21503267973856213
