metric,term,coef,ci_low,ci_high,p_value,model,n_pairs
kendall_tau,d_cluster_seed,-0.21276326173079063,-0.22730904932273052,-0.19821747413885074,9.38281300549614e-181,MixedLM crossed RE,6000
kendall_tau,d_surrogate,-0.23247437772094479,-0.2409797196742533,-0.22396903576763627,0.0,MixedLM crossed RE,6000
kendall_tau,d_surrogate_seed,-0.02367519264975801,-0.0320305707242725,-0.015319814575243517,2.7982680924490547e-08,MixedLM crossed RE,6000
kendall_tau,d_estimator,0.0023248541487578453,-0.00868575967654514,0.013335467974060832,0.6789914222505138,MixedLM crossed RE,6000
kendall_tau,d_background,-0.001353417838545272,-0.012451695848206858,0.009744860171116313,0.8110942797811127,MixedLM crossed RE,6000
jaccard_top3,d_cluster_seed,-0.22610145972886578,-0.24346703615044657,-0.208735883307285,1.2157283089917502e-143,MixedLM crossed RE,6000
jaccard_top3,d_surrogate,-0.3136385863752117,-0.32463511468538414,-0.30264205806503924,0.0,MixedLM crossed RE,6000
jaccard_top3,d_surrogate_seed,-0.013785528096115461,-0.02460748394270148,-0.0029635722495294416,0.012535621776975423,MixedLM crossed RE,6000
jaccard_top3,d_estimator,0.012139165796445653,-0.0019850931560629077,0.02626342474895421,0.09208489410607926,MixedLM crossed RE,6000
jaccard_top3,d_background,0.008329311872071669,-0.005907723132404945,0.022566346876548283,0.2515188946427874,MixedLM crossed RE,6000
