factor,metric,median,ci_low,ci_high,n_pairs
F1_cluster_seed,cosine,0.9782688168567253,0.9782688168567253,0.9830532980647647,870
F1_cluster_seed,l1,0.20265961320535023,0.18352320395542276,0.20265961320535023,870
F1_cluster_seed,kendall_tau,0.8692810457516341,0.8692810457516341,0.8823529411764707,870
F1_cluster_seed,jaccard_top3,1.0,1.0,1.0,870
F1_cluster_seed,jaccard_top5,0.6666666666666666,0.6666666666666666,0.6666666666666666,870
F1_cluster_seed,rbo,0.7818114083628384,0.7818114083628384,0.7933909328707688,870
F1_cluster_seed,ari,0.828825808787922,0.828825808787922,0.8553498871120377,870
F2_surrogate,cosine,0.9096831747156924,0.8984743718576951,0.9508300314155289,12
F2_surrogate,l1,0.5138761696028917,0.3355349016686119,0.6038839660327029,12
F2_surrogate,kendall_tau,0.6972208128458073,0.6812637649975146,0.8608723220316603,12
F2_surrogate,jaccard_top3,0.5,0.5,0.75,12
F2_surrogate,jaccard_top5,0.6666666666666666,0.6666666666666666,0.6666666666666666,12
F2_surrogate,rbo,0.7518724837822574,0.6880169513243628,0.860898917841632,12
F2_surrogate,ari,1.0,1.0,1.0,12
F3_surrogate_seed,cosine,0.9988164793383011,0.9987639325782489,0.9988661101515837,870
F3_surrogate_seed,l1,0.0447903730196513,0.04391489132840412,0.045576422841648,870
F3_surrogate_seed,kendall_tau,0.9607843137254903,0.9607843137254903,0.9607843137254903,870
F3_surrogate_seed,jaccard_top3,1.0,1.0,1.0,870
F3_surrogate_seed,jaccard_top5,1.0,1.0,1.0,870
F3_surrogate_seed,rbo,0.9730716499363202,0.9693420535217628,0.9769314914389636,870
F3_surrogate_seed,ari,1.0,1.0,1.0,870
F4_estimator,cosine,0.9966469450924278,0.995868737996599,0.9989117496295171,6
F4_estimator,l1,0.08357233582731124,0.06298214859830638,0.10081664899998903,6
F4_estimator,kendall_tau,0.9281045751633987,0.9084967320261439,0.9934640522875817,6
F4_estimator,jaccard_top3,1.0,1.0,1.0,6
F4_estimator,jaccard_top5,1.0,1.0,1.0,6
F4_estimator,rbo,0.9740322156666426,0.9280122035693503,0.9993587451491283,6
F4_estimator,ari,1.0,1.0,1.0,6
F5_background,cosine,0.9846088158378812,0.9838650408041261,0.98529592188741,3540
F5_background,l1,0.15784832461800669,0.1543102968735584,0.1611109271621074,3540
F5_background,kendall_tau,0.8954248366013072,0.8954248366013072,0.8954248366013072,3540
F5_background,jaccard_top3,1.0,1.0,1.0,3540
F5_background,jaccard_top5,1.0,1.0,1.0,3540
F5_background,rbo,0.8405985923800876,0.8354756784003561,0.843898243382922,3540
F5_background,ari,1.0,1.0,1.0,3540
REF_surrogate_free,cosine,0.9889160601166475,0.9877570476111834,0.9907739469408187,90
REF_surrogate_free,l1,0.12260029084463434,0.11113234440074987,0.13387541046881285,90
REF_surrogate_free,kendall_tau,0.8557361541107673,0.8430898988872149,0.8562091503267976,90
REF_surrogate_free,jaccard_top3,0.5,0.5,0.5,90
REF_surrogate_free,jaccard_top5,0.6666666666666666,0.6666666666666666,0.6666666666666666,90
REF_surrogate_free,rbo,0.7352386395922292,0.7170307460086236,0.754522339850999,90
REF_surrogate_free,ari,1.0,1.0,1.0,90
